来源,タイトル,年式,走行距離,色,販売店場所,url,本体価格,総価格
webike,CB400スーパーフォア [最終型 ABS LEDヘッドライト標準装備モデル] /ホンダ ご購入希望、ご購入のご相談は080-7795-4091吉澤まで!,2019,"1,823 km",,大阪府 大東市 三箇 3-11-48,https://moto.webike.net/bike_detail/2389296/,1599000,1664400
webike,CB400スーパーフォア [最終型 ABS LEDヘッドライト標準装備モデル] /ホンダ ご購入希望、ご購入のご相談は080-7795-4091吉澤まで!,2019,"11,590 km",,大阪府 大東市 三箇 3-11-48,https://moto.webike.net/bike_detail/2391917/,1279000,1372500
webike,CB400スーパーフォア /ホンダ スマホホルダー 純正スペアキーカバー付き ワンオーナー フルノーマル,2019,"20,926 km",,大阪府 大東市 三箇 3-11-48,https://moto.webike.net/bike_detail/2427078/,1139000,1229800
webike,CB400スーパーフォア [最終型 ABS LEDヘッドライト標準装備モデル] /ホンダ,2019,"7,573 km",,大阪府 大東市 三箇 3-11-48,https://moto.webike.net/bike_detail/2393219/,1299000,1393100
webike,CB400スーパーフォア [VTEC Revo] /ホンダ ABS 2021年式 グリップヒーター エンジンガード 盗難防止アラーム イモビライザー 新規車検2年,2021,"25,360 km",,千葉県 千葉市 花見川区 幕張本郷1-34-8,https://moto.webike.net/bike_detail/2428471/,1299800,1399000
webike,CB400スーパーフォア /ホンダ 最終型・2023年登録ワンオーナー屋内保管車 75104,2022,3 km,,宮城県 仙台市宮城野区 出花1丁目16-12,https://moto.webike.net/bike_detail/2420274/,1648000,1726000
webike,CB400スーパーフォア /ホンダ 2023年登録モデル グリップヒーター エンジンガード ETC2.0 純正スペアキー,2019,"3,866 km",,大阪府 大東市 三箇 3-11-48,https://moto.webike.net/bike_detail/2411942/,1349000,1443100
webike,CB400スーパーフォア [75160] /ホンダ VTEC Revo NC42 最終型 ノーマル車 75160,2019,1 km,,東京都 八王子市 館町2850-1,https://moto.webike.net/bike_detail/2417310/,1698000,1783600
webike,CB400スーパーフォア /ホンダ ETC車載器、USBソケット付き,2019,"17,062 km",,宮城県 仙台市青葉区大手町 8-18,https://moto.webike.net/bike_detail/2391531/,1268000,1330200
webike,CB400スーパーフォア /ホンダ 2021年登録最終モデル 75143,2021,"2,300 km",,宮城県 仙台市宮城野区 出花1丁目16-12,https://moto.webike.net/bike_detail/2420276/,1298000,1376000
webike,CB400スーパーフォア /ホンダ,2019,"7,270 km",,岡山県 岡山市中区 雄町374-1,https://moto.webike.net/bike_detail/2427032/,1342000,1402100
webike,CB400スーパーフォア /ホンダ,2019,"1,025 km",,広島県 広島市南区 東雲3-5-21,https://moto.webike.net/bike_detail/2430731/,1580000,1686600
webike,CB400スーパーフォア /ホンダ ETC スマホホルダー USB マルチバー,2020,"34,930 km",,北海道 札幌市白石区 本通12丁目北1-15,https://moto.webike.net/bike_detail/2424610/,990000,1078700
webike,CB400スーパーフォア /ホンダ,2019,"7,989 km",,埼玉県 東松山市 六軒町21-14,https://moto.webike.net/bike_detail/2430444/,1448000,1510900
webike,CB400スーパーフォア /ホンダ,2019,"11,712 km",,神奈川県 横浜市港北区 菊名7-9-25,https://moto.webike.net/bike_detail/2426399/,1258000,1320900
webike,CB400スーパーフォア /ホンダ,2019,330 km,,東京都 国分寺市 西元町2-3-20,https://moto.webike.net/bike_detail/2414273/,1648000,1710900
webike,CB400スーパーフォア /ホンダ,2019,"10,117 km",,神奈川県 横浜市港北区 菊名7-9-25,https://moto.webike.net/bike_detail/2416132/,1298000,1404600
webike,CB400スーパーフォア /ホンダ ETC スマホホルダー USB マルチバー,2020,"34,346 km",,北海道 札幌市白石区 本通12丁目北1-15,https://moto.webike.net/bike_detail/2424607/,884400,
webike,CB400スーパーフォア /ホンダ,2019,"12,335 km",,東京都 八王子市 松木34-8,https://moto.webike.net/bike_detail/2419445/,1398000,1460900
webike,CB400スーパーフォア /ホンダ,2019,"9,254 km",,東京都 国分寺市 西元町2-3-20,https://moto.webike.net/bike_detail/2427362/,1348000,1410900
webike,CB400スーパーフォア /ホンダ,2019,"5,947 km",,愛知県 名古屋市港区木場町 8-17,https://moto.webike.net/bike_detail/2412107/,1350000,1456600
webike,CB400スーパーフォア /ホンダ,2019,"7,114 km",,埼玉県 草加市 西町1275-1,https://moto.webike.net/bike_detail/2407655/,1348000,1410900
webike,CB400スーパーフォア /ホンダ,2019,走行不明,,千葉県 木更津市 築地1-4 イオンモール木更津内,https://moto.webike.net/bike_detail/2419409/,1058000,1120900
webike,CB400スーパーフォア /ホンダ,2019,"4,157 km",,兵庫県 神戸市西区 伊川谷町潤和711-1（バイクワールド伊川谷店内）,https://moto.webike.net/bike_detail/2422225/,1428000,1490900
webike,CB400スーパーフォア /ホンダ,2020,"5,549 km",,愛知県 小牧市 間々原新田下新池947,https://moto.webike.net/bike_detail/2418453/,1358000,1464600
webike,CB400スーパーフォア /ホンダ,2019,"11,040 km",,新潟県 新潟市中央区 女池5-2-25,https://moto.webike.net/bike_detail/2427752/,1298000,1404600
webike,CB400スーパーフォア /ホンダ,2019,"6,954 km",,神奈川県 横浜市瀬谷区 阿久和南1-1-7,https://moto.webike.net/bike_detail/2430037/,1428000,1490900
webike,CB400スーパーフォア /ホンダ,2020,"44,037 km",,三重県 鈴鹿市 庄野羽山4-1-2,https://moto.webike.net/bike_detail/2424867/,1098000,1160900
webike,CB400スーパーフォア /ホンダ,2020,"28,210 km",,岡山県 岡山市北区 大安寺南町1-1-73,https://moto.webike.net/bike_detail/2410947/,1148000,1210900
webike,CB400スーパーフォア /ホンダ,2019,"9,290 km",,兵庫県 尼崎市 大島1−6−1ー1Ｆ,https://moto.webike.net/bike_detail/2406014/,1379000,1443600
webike,CB400スーパーフォア /ホンダ,2019,"8,622 km",,愛知県 名古屋市守山区 小幡千代田15-9,https://moto.webike.net/bike_detail/2419099/,1428000,1490900
webike,CB400スーパーフォア /ホンダ,2019,"10,818 km",,埼玉県 入間市 東藤沢3-6-6,https://moto.webike.net/bike_detail/2408858/,1398000,1504600
webike,CB400スーパーフォア /ホンダ,2019,"11,569 km",,埼玉県 上尾市 上257-1,https://moto.webike.net/bike_detail/2392440/,1278000,1340900
webike,CB400スーパーフォア /ホンダ VTEC REVO ワイバーンフルエキマフラー フェンダーレス バーエンド LEDヘッドライト ゴールドホイール,2019,"7,494 km",,兵庫県 神戸市西区 枝吉1丁目223,https://moto.webike.net/bike_detail/2371593/,1420000,1492300
webike,CB400スーパーフォア /ホンダ ABS ハンドルアップスペーサー グリップヒーター ETC,2019,"1,547 km",,東京都 練馬区谷原 5-4-20,https://moto.webike.net/bike_detail/2420461/,1430000,1535900
webike,CB400スーパーフォア /ホンダ,2019,"16,582 km",,静岡県 浜松市中央区原島町 525ナップス浜松店内,https://moto.webike.net/bike_detail/2414256/,1358000,1420900
webike,CB400スーパーフォア /ホンダ,2019,"7,438 km",,埼玉県 東松山市 六軒町21-14,https://moto.webike.net/bike_detail/2423901/,1348000,1410900
webike,CB400スーパーフォア /ホンダ,2019,"9,927 km",,愛知県 一宮市 島崎1-1-14,https://moto.webike.net/bike_detail/2418020/,1298000,1404600
webike,CB400スーパーフォア /ホンダ,2019,"3,151 km",,京都府 八幡市 欽明台西40-6,https://moto.webike.net/bike_detail/2418427/,1498000,1560900
webike,CB400スーパーフォア /ホンダ,2019,"1,784 km",,奈良県 生駒郡三郷町 三室1-14-10,https://moto.webike.net/bike_detail/2406650/,1398000,1504600
webike,CB400スーパーフォア /ホンダ,2019,"3,281 km",,東京都 八王子市 松木34-8,https://moto.webike.net/bike_detail/2393536/,1350000,1412900
webike,CB400スーパーフォア /ホンダ,2019,"17,167 km",,埼玉県 川口市 弥平1-12-10,https://moto.webike.net/bike_detail/2406552/,1248000,1317000
webike,CB400スーパーフォア /ホンダ,2019,"14,483 km",,大阪府 堺市美原区 平尾290-3,https://moto.webike.net/bike_detail/2403421/,1238000,1300900
webike,CB400スーパーフォア /ホンダ,2019,"9,820 km",,熊本県 熊本市西区 上熊本2-17-39,https://moto.webike.net/bike_detail/2418425/,1328000,1390900
webike,CB400スーパーフォア /ホンダ,2019,"11,240 km",,愛知県 豊橋市 北山町字西ノ原38-21,https://moto.webike.net/bike_detail/2428950/,1358000,1420900
webike,CB400スーパーフォア /ホンダ,2019,"2,268 km",,北海道 札幌市 東区東苗穂一条1-1-43,https://moto.webike.net/bike_detail/2419061/,1388000,1494600
webike,CB400スーパーフォア /ホンダ,2019,"6,029 km",,熊本県 熊本市西区 上熊本2-17-39,https://moto.webike.net/bike_detail/2409317/,1498000,1560900
webike,CB400スーパーフォア /ホンダ,2019,"2,152 km",,千葉県 柏市 柏687-1,https://moto.webike.net/bike_detail/2428956/,1358000,1464600
webike,CB400スーパーフォア /ホンダ,2019,"18,467 km",,山口県 山口市 小郡花園町5-28,https://moto.webike.net/bike_detail/2407699/,1248000,1310900
webike,CB400スーパーフォア /ホンダ,2019,823 km,,福岡県 北九州市小倉南区 守恒本町2-1-33,https://moto.webike.net/bike_detail/2373957/,1498000,1604600
webike,CB400スーパーフォア /ホンダ,2019,"12,694 km",,埼玉県 川口市 弥平1-12-10,https://moto.webike.net/bike_detail/2413286/,1178000,1247000
webike,CB400スーパーフォア /ホンダ,2019,"7,142 km",,埼玉県 川口市 弥平1-12-10,https://moto.webike.net/bike_detail/2411098/,1298000,1367000
webike,CB400スーパーフォア /ホンダ,2022,"1,436 km",,神奈川県 茅ヶ崎市 下町屋1-10-26,https://moto.webike.net/bike_detail/2392812/,1458000,1564600
webike,CB400スーパーフォア /ホンダ,2019,1 km,,埼玉県 所沢市 小手指町5-3-5,https://moto.webike.net/bike_detail/1730806/,1968000,2028000
webike,CB400スーパーフォア /ホンダ,2019,1 km,,埼玉県 所沢市 小手指町5-3-5,https://moto.webike.net/bike_detail/1730804/,1928000,1988000
webike,CB400スーパーフォア [HYPER VTEC Revo] /ホンダ オプションセンタースタンド付き,2022,1 km,,埼玉県 戸田市 美女木4-19-27,https://moto.webike.net/bike_detail/1716564/,2388000,2453400
webike,CB400スーパーフォア /ホンダ,2019,"1,908 km",,埼玉県 所沢市 小手指町5-3-5,https://moto.webike.net/bike_detail/1730803/,1489000,1548000
webike,CB400スーパーフォア /ホンダ,2019,"4,925 km",,沖縄県 那覇市 銘苅266-3,https://moto.webike.net/bike_detail/2375365/,1298000,1401400
webike,CB400スーパーフォア /ホンダ,2019,524 km,,神奈川県 横浜市中区 新山下1丁目17-39-2Ｆ,https://moto.webike.net/bike_detail/2430510/,1595000,
webike,CB400スーパーフォア /ホンダ 純正グリップヒーター,2020,713 km,,神奈川県 川崎市幸区 南加瀬5-4-1,https://moto.webike.net/bike_detail/2003268/,1595000,
webike,CB400スーパーフォア /ホンダ,2019,"9,433 km",,埼玉県 川口市 弥平1-12-10,https://moto.webike.net/bike_detail/2313065/,1338000,1407000
webike,CB400スーパーフォア /ホンダ,2019,849 km,,神奈川県 横浜市中区 新山下1丁目17-39-2Ｆ,https://moto.webike.net/bike_detail/2401456/,1595000,
webike,CB400スーパーフォア [REVO] /ホンダ,2019,405 km,,神奈川県 相模原市南区 鵜野森1-9-15,https://moto.webike.net/bike_detail/1797694/,1595000,
webike,CB400スーパーフォア [REVO] /ホンダ,2019,912 km,,神奈川県 相模原市南区 鵜野森1-9-15,https://moto.webike.net/bike_detail/2018740/,1595000,
webike,CB400スーパーフォア /ホンダ,2019,393 km,,神奈川県 藤沢市 立石2丁目1-1,https://moto.webike.net/bike_detail/2247887/,1595000,
webike,CB400スーパーフォア /ホンダ,2019,371 km,,神奈川県 横浜市青葉区 荏田町344-1,https://moto.webike.net/bike_detail/2015805/,1595000,
webike,CB400スーパーフォア /ホンダ,2019,"1,551 km",,神奈川県 横浜市中区 新山下1丁目17-39-2Ｆ,https://moto.webike.net/bike_detail/2358304/,1595000,
webike,CB400スーパーフォア /ホンダ NC42 400ccネイキッド 最終型 モリワキショートマフラー ETC付,2019,"47,065 km",,愛知県 名古屋市天白区 植田南2-1104,https://moto.webike.net/bike_detail/2412634/,1023000,1146300
webike,CB400スーパーフォア /ホンダ NC42型最終モデル 前後LEDライト 社外スリップオンマフラー 400cc4気筒エンジン,2020,"18,585 km",,愛知県 名古屋市天白区 植田南2-1104,https://moto.webike.net/bike_detail/2420567/,1199000,1322300
webike,CB400スーパーフォア [キャンディークロモスフィアレッド] /ホンダ 2019年モデル 初年度登録2022年 直列4気筒エンジン LEDヘッドライト,2019,1 km,,岡山県 岡山市北区 伊福町3-4-5,https://moto.webike.net/bike_detail/2359623/,1650000,1737000
webike,CB400スーパーフォア [安心FIレボ] /ホンダ HONDA CB400SF 2019年モデル ETC USB エンジンガード ハンドルアップスペーサー リムステッカー,2019,"8,739 km",,大阪府 寝屋川市 河北東町1-15,https://moto.webike.net/bike_detail/2390185/,1155000,1278300
webike,CB400スーパーフォア /ホンダ HONDA CB400SF 社外レバー エンジンガード USB 追加カスタム可能,2019,"5,577 km",,大阪府 寝屋川市 河北東町1-15,https://moto.webike.net/bike_detail/2393430/,1375000,1450500
webike,CB400スーパーフォア /ホンダ ワンオーナー フルノーマル ヘルメットホルダー 純正キー2本付属 新品バッテリー 新品プラグ 1年保証,2020,"2,402 km",,福岡県 筑紫野市 杉塚3-3-20,https://moto.webike.net/bike_detail/2393918/,1428900,1499300
webike,CB400スーパーフォア /ホンダ 当社ワンオーナー ミツバ製ドライブレコードEDR21G搭載,2019,"4,420 km",,神奈川県 相模原市中央区 富士見2-8-6,https://moto.webike.net/bike_detail/2409520/,1427800,1496000
webike,CB400スーパーフォア /ホンダ VTEC Revo NC42 最終型 ETC ドラレコ ラジエターコアガード,2022,"7,888 km",,神奈川県 相模原市中央区 田名4147-2,https://moto.webike.net/bike_detail/2428444/,1248000,1305100
webike,CB400スーパーフォア /ホンダ ABS NC42 ETC付 SHOWAサスペンション,2019,"17,603 km",,大阪府 東大阪市 中野南2番44号,https://moto.webike.net/bike_detail/2359614/,1210000,1333300
webike,CB400スーパーフォア /ホンダ NC42 エンジンスライダー ラジエターガード ETC付,2019,"14,969 km",,大阪府 東大阪市 中野南2番44号,https://moto.webike.net/bike_detail/2356142/,1265000,1388300
webike,CB400スーパーフォア /ホンダ VTEC付低走行車!,2019,"1,006 km",,神奈川県 相模原市中央区 富士見2-8-6,https://moto.webike.net/bike_detail/1797595/,1427800,
webike,CB400スーパーフォア /ホンダ 台数限定、ドレミコレクション製CBX TYPE-Xノーマルスタイル外装キット装着車,2019,1 km,,神奈川県 相模原市中央区 富士見2-8-6,https://moto.webike.net/bike_detail/2013645/,2178000,2275300
webike,CB400スーパーフォア /ホンダ 台数限定、ドレミコレクション製外装キット装着車、CBX TYPE-Xフィン付きカウル仕様,2019,1 km,,神奈川県 相模原市中央区 富士見2-8-6,https://moto.webike.net/bike_detail/2013648/,2178000,2246600
webike,CB400スーパーフォア /ホンダ 2020年モデル NC42,2020,"3,507 km",,兵庫県 伊丹市 下河原1-2-33,https://moto.webike.net/bike_detail/2413153/,1532900,1623000
webike,CB400スーパーフォア /ホンダ 4スト FI ABS 社外マフラー USB ETC付き ブレースバー 車検2年付き,2019,"4,685 km",,福岡県 福岡市博多区 東那珂1丁目11-33,https://moto.webike.net/bike_detail/2417479/,1459000,1569400
webike,CB400スーパーフォア /ホンダ,2019,"5,327 km",,神奈川県 厚木市 恩名1-10-1,https://moto.webike.net/bike_detail/2027175/,1320000,1437100
webike,CB400スーパーフォア /ホンダ,2022,13 km,,大阪府 八尾市 新家町７-１-１,https://moto.webike.net/bike_detail/2415591/,1699900,1790000
webike,CB400スーパーフォア /ホンダ,2019,777 km,,神奈川県 茅ヶ崎市 中島12-7,https://moto.webike.net/bike_detail/1949004/,1540000,1640200
webike,CB400スーパーフォア /ホンダ,2019,"1,383 km",,神奈川県 茅ヶ崎市 中島12-7,https://moto.webike.net/bike_detail/1949006/,1540000,1640200
webike,CB400スーパーフォア /ホンダ,2019,118 km,,神奈川県 厚木市 恩名1-10-1,https://moto.webike.net/bike_detail/1989800/,1494900,1601500
webike,CB400スーパーフォア /ホンダ ETC ドライブレコーダー エンジンガード USB電源,2019,"28,397 km",,佐賀県 佐賀市 鍋島町八戸溝966-11,https://moto.webike.net/bike_detail/2359773/,,
webike,CB400スーパーフォア /ホンダ,2019,23 km,,神奈川県 厚木市 恩名1-10-1,https://moto.webike.net/bike_detail/1798807/,1483900,1590500
webike,CB400スーパーフォア /ホンダ,2019,"1,178 km",,神奈川県 茅ヶ崎市 中島255,https://moto.webike.net/bike_detail/2045720/,1595000,
webike,CB400スーパーフォア /ホンダ,2019,146 km,,神奈川県 茅ヶ崎市 中島12-7,https://moto.webike.net/bike_detail/1992303/,1540000,1640200
webike,CB400スーパーフォア /ホンダ,2023,"7,725 km",,三重県 桑名市 江場476,https://moto.webike.net/bike_detail/2391892/,1330000,1380000
8190,HONDA CB400 SUPER FOUR HYPER VTEC Revo カスタムシート・エンジンガード・低走行車両！!,2019,"1,025km",,広島店第2ショールーム,https://www.8190.jp/wish/ds/bike/2100011690769/,1580000,
8190,HONDA CB400 SUPER FOUR HYPER VTEC Revo 2019年モデル／モリワキ製エンジンスライダー／USB電源type‐A 2口付き！!,2019,"7,989km",,東松山店,https://www.8190.jp/wish/ds/bike/2100011693784/,1448000,
8190,HONDA CB400 SUPER FOUR HYPER VTEC Revo 2019年モデル エンジンガード カスタム！!,2019,"11,240km",,豊橋店,https://www.8190.jp/wish/ds/bike/2100011661202/,1358000,
8190,HONDA CB400 SUPER FOUR 2019年モデル/エンジンガード/リアフェンダーレス/純正スペアキーあり！!,2019,"11,040km",,新潟店,https://www.8190.jp/wish/ds/bike/2100011639591/,1298000,
8190,HONDA 【残価据置 対象】CB400スーパーフォア シルキーな滑らかさと高回転まで回したくなる楽しさを誇る4気筒エンジンが愛される理由です！ 寒い日に嬉しいグリップヒーター装備!！!,2019,"4,429km",,岡山店,https://www.8190.jp/wish/ds/bike/2100011610996/,1478000,
8190,HONDA CB400 SUPER FOUR HYPER VTEC 2019年モデル／NC42型／フルノーマル車両！!,2019,"7,438km",,東松山店,https://www.8190.jp/wish/ds/bike/2100011559868/,1348000,
8190,HONDA CB400スーパーフォア レバー バーエンド ラジエーターカバー装備！!,2019,"4,157km",,神戸伊川谷店,https://www.8190.jp/wish/ds/bike/2100011541924/,1428000,
8190,HONDA CB400 SUPER FOUR HYPER VTEC Revo モリワキ製マフラー エンジンガード USB カスタムシート フェンダーレス！!,2019,"9,254km",,府中店,https://www.8190.jp/wish/ds/bike/2100011532939/,1348000,
8190,HONDA CB400 SUPER FOUR HYPER VTEC Revo NC42型 カスタムレバー装備！!,2019,"13,587km",,府中店,https://www.8190.jp/wish/ds/bike/2100011500938/,1288000,
8190,HONDA 【残価据置 対象】 CB400 SUPER FOUR HYPER VTEC Revo 2019年モデル/センタースタンド！!,2019,"2,268km",,札幌店,https://www.8190.jp/wish/ds/bike/2100011504554/,1388000,
8190,HONDA 【残価据置 対象】CB400 SUPER FOUR HYPER VTEC Revo 2019年モデル フルノーマル！!,2019,"3,151km",,京都松井山手店,https://www.8190.jp/wish/ds/bike/2100011497313/,1498000,
8190,HONDA 【残価据置 対象】CB400 SUPER FOUR HYPER VTEC Revo フェンダーレス！!,2019,"8,622km",,名古屋守山店,https://www.8190.jp/wish/ds/bike/2100011492509/,1428000,
8190,HONDA 【残価据置 対象】CB400スーパーフォア【人気の400㏄ネイキッド☆】！!,2019,"9,820km",,上熊本店,https://www.8190.jp/wish/ds/bike/2100011475588/,1328000,
8190,HONDA CB400 SUPER FOUR HYPER VTEC Revo 2019年モデル／モリワキ製マフラー＆エンジンスライダー他カスタム！!,2019,743km,,東松山店,https://www.8190.jp/wish/ds/bike/2100011455214/,1548000,
8190,HONDA 【残価据置 対象】CB400 SUPER FOUR HYPER VTEC Revo 2019年モデル デイトナエンジンスライダー！!,2019,"3,219km",,北九州店,https://www.8190.jp/wish/ds/bike/2100011335356/,1398000,
8190,HONDA 【残価据置 対象】CB400スーパーフォア 受注期間限定のカラーリングであるマットシルバーをまとった特別なスーフォア！ 便利なエンジンガード装備!！!,2020,"28,210km",,岡山店,https://www.8190.jp/wish/ds/bike/2100011246386/,1148000,
8190,HONDA 【残価据置 対象】CB400スーパーフォア【エンジンガード装備・2019年モデル】！!,2019,"6,029km",,上熊本店,https://www.8190.jp/wish/ds/bike/2100011300309/,1498000,
8190,HONDA 【残価据置 対象】CB400 SUPER FOUR HYPER VTEC Revo 2019年モデル USBポート装備 スペアキーあり！!,2019,"10,818km",,入間店,https://www.8190.jp/wish/ds/bike/2100010622952/,1398000,
8190,HONDA 【残価据置 対象】CB400 SUPER FOUR HYPER VTEC Revo 2019年モデル エンジンガード グリップヒーター スペアキーあり！!,2019,"7,114km",,草加店,https://www.8190.jp/wish/ds/bike/2100011270206/,1348000,
8190,HONDA 【残価据置 対象】CB400 SUPER FOUR HYPER VTEC Revo 2019年モデル！!,2019,"14,483km",,堺美原店,https://www.8190.jp/wish/ds/bike/2100011255913/,1238000,
8190,HONDA 【残価据置 対象】 CB400 SUPER FOUR HYPER VTEC Revo 2019年モデル エンジンスライダー/純正グリップヒーター！!,2019,"1,784km",,奈良店,https://www.8190.jp/wish/ds/bike/2100011257825/,1398000,
8190,HONDA 【残価据置 対象】 CB400 SUPER FOUR HYPER VTEC Revo 2019年モデル エンジンガード！!,2019,"5,947km",,名古屋みなと店,https://www.8190.jp/wish/ds/bike/2100011200050/,1300000,
8190,HONDA 【残価据置 対象】CB400Super Four VTEC Revo エンジンガード！!,2019,"3,281km",,八王子堀之内店,https://www.8190.jp/wish/ds/bike/2100011097087/,1350000,
8190,HONDA 【残価据置 対象】CB400 SUPER FOUR HYPER VTEC Revo（CB400スーパーフォア） 2019年モデル／グリップヒーター／ビキニカウル／ハンドルスペーサー！!,2019,"11,569km",,上尾店,https://www.8190.jp/wish/ds/bike/2100010671349/,1278000,
8190,HONDA 【残価据置 対象】CB400 SUPER FOUR HYPER VTEC Revo！!,2019,"4,925km",,那覇店,https://www.8190.jp/wish/ds/bike/2100010886507/,1298000,
8190,HONDA 【残価据置 対象】CB400スーパーフォア【低走行の1台ノーマル車両】！!,2019,823km,,小倉店,https://www.8190.jp/wish/ds/bike/2100010869708/,1498000,
u-media,CB400SF,2019,524km,白/赤,ユーメディア横浜新山下,https://u-media.ne.jp/bike/detail.php?skanrino=1386534,1595000,
u-media,CB400SF,2019,"4,420km",黒,ホンダドリーム相模原,https://u-media.ne.jp/bike/detail.php?skanrino=1379966,1427800,
u-media,CB400SB,2021,"8,861km",青/白,ホンダドリーム相模原,https://u-media.ne.jp/bike/detail.php?skanrino=1372748,1320000,
u-media,CB400SB,2020,"3,804km",青/白,ユーメディア横浜青葉,https://u-media.ne.jp/bike/detail.php?skanrino=1370436,1427800,
u-media,CB400SF,2019,849km,赤/白,ユーメディア横浜新山下,https://u-media.ne.jp/bike/detail.php?skanrino=1369277,1595000,
u-media,CB400SB,2019,"23,242km",黒,ユーメディア小田原,https://u-media.ne.jp/bike/detail.php?skanrino=1350659,999900,
u-media,CB400SF REVO,2019,371km,青/白,ユーメディア横浜青葉,https://u-media.ne.jp/bike/detail.php?skanrino=1283116,1595000,
u-media,CB400SF REVO,2019,912km,青/白,ユーメディア相模原,https://u-media.ne.jp/bike/detail.php?skanrino=1279228,1595000,
u-media,CB400SF REVO,2019,"5,327km",赤/白,ユーメディア厚木,https://u-media.ne.jp/bike/detail.php?skanrino=1274434,1430000,
u-media,CB400SF REVO,2019,405km,赤/白,ユーメディア相模原,https://u-media.ne.jp/bike/detail.php?skanrino=1265194,1595000,
u-media,CB400SF REVO,2019,393km,赤/白,ユーメディア藤沢,https://u-media.ne.jp/bike/detail.php?skanrino=1265196,1595000,
u-media,CB400SF REVO,2019,"1,178km",青/白,ユーメディア湘南,https://u-media.ne.jp/bike/detail.php?skanrino=1264982,1595000,
u-media,CB400SF REVO,2019,"1,551km",赤/白,ユーメディア横浜新山下,https://u-media.ne.jp/bike/detail.php?skanrino=1264191,1595000,
u-media,CB400SF ABS,2020,713km,青/白,ユーメディア川崎,https://u-media.ne.jp/bike/detail.php?skanrino=1246222,1595000,
bikekan,ホンダ CB400 SUPER BOLD'OR REVO ABS（スーパーボルドール） ETC/USB/エンジンガード▶ご来店（又は商談）予約割引対象！お電話お待ちしております！,2019,"1,546km",,港北ニュータウン店,https://www.bikekan.jp/buy/detail/294186,1299900,1415700
bikekan,ホンダ CB400 SUPER FOUR REVO（スーパーフォア） ノーマル車 走行7ｋｍ 【HP見た！で川口店限定特典有】,2019,7km,,川口店,https://www.bikekan.jp/buy/detail/282628,1599900,1715700
bikekan,ホンダ CB400 SUPER BOLD'OR REVO ABS（スーパーボルドール） ETC、USB装備 ミラー等カスタム多数！,2019,"15,059km",,富田林店,https://www.bikekan.jp/buy/detail/292363,1199000,1314800
bikekan,ホンダ CB400 SUPER FOUR REVO（スーパーフォア） ETC グリップヒーター付き,2019,"12,844km",,伏見店,https://www.bikekan.jp/buy/detail/293655,1299900,1385000
bikekan,ホンダ CB400 SUPER BOLD'OR REVO ABS E-Package ETC グリップヒーター フェンダーレス,2019,"7,986km",,門真店,https://www.bikekan.jp/buy/detail/293411,1099900,1215700
bikekan,ホンダ CB400 SUPER BOLD'OR REVO（スーパーボルドール）,2019,"9,439km",,大宮店,https://www.bikekan.jp/buy/detail/294182,1199900,1315700
bikekan,"ホンダ CB400 SUPER BOLD'OR REVO ABS（スーパーボルドール） オーリンスリアサスペンション、フェンダレス、エンジンガード、USB,グリップヒーター",2019,"17,025km",,小山店,https://www.bikekan.jp/buy/detail/293418,1099900,1215700
bikekan,ホンダ CB400 SUPER FOUR REVO ABS（スーパーフォア） 低走行、ノーマル車両！,2019,685km,,半田店,https://www.bikekan.jp/buy/detail/292922,1449900,1565700
bikekan,ホンダ CB400 SUPER FOUR REVO ABS（スーパーフォア） エンジンガード/ETC/USB,2019,"4,410km",,港南店,https://www.bikekan.jp/buy/detail/293436,1349900,1465700
bikekan,ホンダ CB400 SUPER FOUR REVO（スーパーフォア） 【4月小倉店限定！バイク館グループ中古車在庫取り寄せ費用半額キャンペーン実施中！】2019年式ETC、ヘルメットロック装着、低走行ノーマル車両！！,2019,"1,355km",,小倉店,https://www.bikekan.jp/buy/detail/292927,1449900,1565700
bikekan,ホンダ CB400 SUPER FOUR REVO ABS（スーパーフォア） ETC/グリップヒーター/リアキャリア/ビキニカウル有,2019,"10,177km",,港南店,https://www.bikekan.jp/buy/detail/292943,1299900,1415700
bikekan,ホンダ CB400 SUPER BOLD'OR REVO ABS（スーパーボルドール） モリワキマフラー装着で心地よいサウンドと軽量化を実現,2019,"5,042km",,浦和店,https://www.bikekan.jp/buy/detail/291410,1199900,1315700
bikekan,ホンダ CB400 SUPER BOLD'OR REVO ABS（スーパーボルドール） 2019年モデル☆通販大歓迎！！,2019,"2,274km",,新潟中央店,https://www.bikekan.jp/buy/detail/292947,1349900,1465700
bikekan,ホンダ CB400 SUPER FOUR REVO ABS（スーパーフォア） 低走行美車！,2019,806km,,宇都宮店,https://www.bikekan.jp/buy/detail/285269,1499900,1615700
bikekan,ホンダ CB400 SUPER FOUR REVO（スーパーフォア） 最終型 ノーマル,2019,"3,135km",,川崎店,https://www.bikekan.jp/buy/detail/288853,1399900,1486400
bikekan,ホンダ CB400 SUPER BOLD'OR REVO ABS（スーパーボルドール） USB電源装備！,2019,"11,598km",,仙台南店,https://www.bikekan.jp/buy/detail/291670,1199900,1315700
bikekan,ホンダ CB400 SUPER FOUR REVO ABS（スーパーフォア） 【問い合わせは名古屋みなと店まで】低走行で外装ツヤ◎！社外グリップ、レバー ＥＴＣ、スマホホルダーなど小物類も充実！,2019,"2,562km",,名古屋みなと店,https://www.bikekan.jp/buy/detail/292951,1399900,1515700
bikekan,ホンダ CB400 SUPER BOLD'OR REVO ABS（スーパーボルドール） 【下取り＆買取り強化中】,2019,"5,297km",,蕨店,https://www.bikekan.jp/buy/detail/288611,1249900,1365700
bikekan,ホンダ CB400 SUPER FOUR REVO ABS（スーパーフォア） 極低走行車！ フルノーマル,2019,356km,,浜松有玉店,https://www.bikekan.jp/buy/detail/289643,1499900,1585500
bikekan,ホンダ CB400 SUPER FOUR REVO ABS（スーパーフォア） 【ビキニカウル・グリップヒーター装備】,2019,52km,,大宮店,https://www.bikekan.jp/buy/detail/289910,1499900,1615700
bikekan,ホンダ CB400 SUPER FOUR REVO（スーパーフォア） 2019年モデル ビキニカウル エンジンガード,2019,"1,956km",,足利店,https://www.bikekan.jp/buy/detail/287873,1449900,1565700
bikekan,ホンダ CB400 SUPER FOUR REVO ABS（スーパーフォア） 買取強化中,2019,"9,931km",,前橋店,https://www.bikekan.jp/buy/detail/294022,1299000,1414800
bikekan,ホンダ CB400 SUPER BOLD'OR REVO ABS E-Package ★★NC42後期最終モデル！！★★,2019,"1,411km",,富士店,https://www.bikekan.jp/buy/detail/292488,1299900,1387000
bikekan,ホンダ CB400 SUPER BOLD'OR REVO（スーパーボルドール） ETC エンジンガード キャリア ゼログラビティスクリーン,2019,"6,346km",,熊本本山店,https://www.bikekan.jp/buy/detail/293003,1299900,1415700
bikekan,ホンダ CB400 SUPER BOLD'OR REVO ABS（スーパーボルドール） 未走行美車！ノーマル車両！【来店商談予約割引実施中！】,2019,1km,,茨木鮎川店,https://www.bikekan.jp/buy/detail/283795,1439900,1527600
bikekan,ホンダ CB400 SUPER FOUR REVO ABS（スーパーフォア） 【小牧店限定キャンペーン中！！】走行距離わずか2km！安心のフルノーマル！,2019,2km,,小牧店,https://www.bikekan.jp/buy/detail/293524,1599900,1689100
bikekan,ホンダ CB400 SUPER FOUR REVO ABS（スーパーフォア） 【２０１９年モデル】エンジンガード USB電源 フェンダーレス★価格ご相談下さい！,2019,"3,628km",,三郷上彦名店,https://www.bikekan.jp/buy/detail/288923,1399900,1515700
bikekan,ホンダ CB400 SUPER FOUR ABS（スーパーフォア） 2019年モデル！ USB電源装備！ スライダー付き！,2019,"1,718km",,京都木津川店,https://www.bikekan.jp/buy/detail/290206,1399900,1515700
bikekan,ホンダ CB400 SUPER BOLD'OR REVO ABS（スーパーボルドール）,2019,"3,930km",,座間店,https://www.bikekan.jp/buy/detail/290472,1499900,1586800
bikekan,ホンダ CB400 SUPER BOLD'OR REVO ABS（スーパーボルドール） ２０１９年モデル ETC2.0・USB電源付！絶版ボルドールのキレイな良質中古車！ぜひサウンド聴いて下さい！,2019,"8,143km",,岐阜長良店,https://www.bikekan.jp/buy/detail/288942,1199900,1315700
bikekan,ホンダ CB400 SUPER FOUR REVO（スーパーフォア） セパハン ユーカナヤ製レバー,2019,"8,108km",,天白店,https://www.bikekan.jp/buy/detail/293046,1299900,1415700
bikekan,ホンダ CB400 SUPER FOUR REVO ABS（スーパーフォア） 【通販大歓迎】2019年モデル,2019,"2,640km",,新潟中央店,https://www.bikekan.jp/buy/detail/283068,1399900,1515700
bikekan,ホンダ CB400 SUPER BOLD'OR REVO ABS（スーパーボルドール） グリップヒーター/エンジンガード/USB電源,2019,"5,849km",,港南店,https://www.bikekan.jp/buy/detail/291776,1249900,1365700
bikekan,ホンダ CB400 SUPER BOLD'OR REVO ABS（スーパーボルドール） 最終型 BEAMS スリップオンJMCA,2019,"7,853km",,川崎店,https://www.bikekan.jp/buy/detail/291009,1249900,1365700
bikekan,ホンダ CB400 SUPER BOLD'OR REVO ABS（スーパーボルドール） 【グリップヒーター ＥＴＣ装備】,2019,"5,939km",,千葉鶴沢店,https://www.bikekan.jp/buy/detail/288716,1299900,1415700
bikekan,ホンダ CB400 SUPER FOUR REVO ABS（スーパーフォア） 【2019年モデル】ETC2.0 USB ドライブレコーダー エンジンガード ハンドルスペーサー等装備 ★お電話にて当店より車両状態詳細をお伝えいたします！,2019,"17,763km",,久留米インター店,https://www.bikekan.jp/buy/detail/293847,1119900,1235700
bikekan,ホンダ CB400 SUPER FOUR VTEC REVO（CB400スーパーフォアVテックレボ） 生産終了モデル！エンジンガード、リアキャリア(ﾉｰﾏﾙ)戻し可)装備,2019,"11,274km",,富田林店,https://www.bikekan.jp/buy/detail/288218,1299900,1415700
bikekan,ホンダ CB400 SUPER BOLD'OR REVO ABS（スーパーボルドール） 【お問い合わせは名古屋みなと店まで】ETC・グリップヒーター・モリワキエンジンスライダー装備,2019,"7,189km",,名古屋みなと店,https://www.bikekan.jp/buy/detail/288483,1279900,1395700
bikekan,ホンダ CB400 SUPER BOLD'OR REVO ABS（スーパーボルドール） ETC、USBにリアキャリア装備済み!!,2019,"18,692km",,伏見店,https://www.bikekan.jp/buy/detail/290275,1149900,1235500
bikekan,ホンダ CB400 SUPER BOLD'OR REVO ABS（スーパーボルドール） 買取査定大歓迎！！,2019,"18,923km",,前橋店,https://www.bikekan.jp/buy/detail/291818,1099900,1215700
bikekan,ホンダ CB400 SUPER BOLD'OR REVO ABS（スーパーボルドール） スポーツグリップヒーター・ETC車載器標準装備,2019,447km,,札幌店,https://www.bikekan.jp/buy/detail/292086,1399900,1515700
